[{"model": "contenttypes.contenttype", "pk": 1, "fields": {"app_label": "admin", "model": "logentry"}}, {"model": "contenttypes.contenttype", "pk": 2, "fields": {"app_label": "auth", "model": "permission"}}, {"model": "contenttypes.contenttype", "pk": 3, "fields": {"app_label": "auth", "model": "group"}}, {"model": "contenttypes.contenttype", "pk": 4, "fields": {"app_label": "auth", "model": "user"}}, {"model": "contenttypes.contenttype", "pk": 5, "fields": {"app_label": "contenttypes", "model": "contenttype"}}, {"model": "contenttypes.contenttype", "pk": 6, "fields": {"app_label": "sessions", "model": "session"}}, {"model": "contenttypes.contenttype", "pk": 7, "fields": {"app_label": "tagging", "model": "tag"}}, {"model": "contenttypes.contenttype", "pk": 8, "fields": {"app_label": "tagging", "model": "taggeditem"}}, {"model": "contenttypes.contenttype", "pk": 9, "fields": {"app_label": "django_summernote", "model": "attachment"}}, {"model": "contenttypes.contenttype", "pk": 10, "fields": {"app_label": "hitcount", "model": "hitcount"}}, {"model": "contenttypes.contenttype", "pk": 11, "fields": {"app_label": "hitcount", "model": "hit"}}, {"model": "contenttypes.contenttype", "pk": 12, "fields": {"app_label": "hitcount", "model": "blacklistip"}}, {"model": "contenttypes.contenttype", "pk": 13, "fields": {"app_label": "hitcount", "model": "blacklistuseragent"}}, {"model": "contenttypes.contenttype", "pk": 14, "fields": {"app_label": "posts", "model": "post"}}, {"model": "sessions.session", "pk": "9083n11oy0er125o3r15mdqali3fwzoj", "fields": {"session_data": "MzUxZGUzM2QxMDcwZThmOTE5MGQ1MjdhZTMwZDNmNTFhODY4OGIwYjp7Il9hdXRoX3VzZXJfaGFzaCI6IjA4NjJkNWJmMGUzMDJlZjY4N2U2OTRjOTZlZDIwNzM0YmE0MjNiYzEiLCJfYXV0aF91c2VyX2JhY2tlbmQiOiJkamFuZ28uY29udHJpYi5hdXRoLmJhY2tlbmRzLk1vZGVsQmFja2VuZCIsIl9hdXRoX3VzZXJfaWQiOiIxIn0=", "expire_date": "2017-06-30T17:02:47.751Z"}}, {"model": "sessions.session", "pk": "d1uwb1le3mui0torkbch5t9yx7jbton1", "fields": {"session_data": "ODJmMDFhNGFjNTY5YThhM2VkNmI4Zjg0NmU0ZTE3YjNkZDE1YjIzNjp7fQ==", "expire_date": "2017-06-30T18:35:55.230Z"}}, {"model": "tagging.tag", "pk": 1, "fields": {"name": "a"}}, {"model": "tagging.tag", "pk": 2, "fields": {"name": "d"}}, {"model": "tagging.tag", "pk": 3, "fields": {"name": "x"}}, {"model": "tagging.tag", "pk": 4, "fields": {"name": "z"}}, {"model": "tagging.tag", "pk": 5, "fields": {"name": "l"}}, {"model": "tagging.tag", "pk": 6, "fields": {"name": "cake"}}, {"model": "tagging.tag", "pk": 7, "fields": {"name": "choclate"}}, {"model": "tagging.tag", "pk": 8, "fields": {"name": "bulgur"}}, {"model": "tagging.tag", "pk": 9, "fields": {"name": "tomato"}}, {"model": "tagging.tag", "pk": 10, "fields": {"name": "shishbarak"}}, {"model": "tagging.tag", "pk": 11, "fields": {"name": "yogurt"}}, {"model": "tagging.tag", "pk": 12, "fields": {"name": "morocco"}}, {"model": "tagging.tag", "pk": 13, "fields": {"name": "tajine"}}, {"model": "tagging.tag", "pk": 14, "fields": {"name": "dolma"}}, {"model": "tagging.tag", "pk": 15, "fields": {"name": "mehshi"}}, {"model": "tagging.tag", "pk": 16, "fields": {"name": "syrian"}}, {"model": "tagging.taggeditem", "pk": 1, "fields": {"tag": 1, "content_type": 9, "object_id": 1}}, {"model": "tagging.taggeditem", "pk": 2, "fields": {"tag": 2, "content_type": 9, "object_id": 1}}, {"model": "tagging.taggeditem", "pk": 3, "fields": {"tag": 3, "content_type": 9, "object_id": 1}}, {"model": "tagging.taggeditem", "pk": 4, "fields": {"tag": 4, "content_type": 9, "object_id": 1}}, {"model": "tagging.taggeditem", "pk": 5, "fields": {"tag": 1, "content_type": 9, "object_id": 2}}, {"model": "tagging.taggeditem", "pk": 6, "fields": {"tag": 5, "content_type": 9, "object_id": 2}}, {"model": "tagging.taggeditem", "pk": 7, "fields": {"tag": 3, "content_type": 9, "object_id": 2}}, {"model": "tagging.taggeditem", "pk": 8, "fields": {"tag": 4, "content_type": 9, "object_id": 2}}, {"model": "tagging.taggeditem", "pk": 9, "fields": {"tag": 6, "content_type": 9, "object_id": 3}}, {"model": "tagging.taggeditem", "pk": 10, "fields": {"tag": 7, "content_type": 9, "object_id": 3}}, {"model": "tagging.taggeditem", "pk": 11, "fields": {"tag": 8, "content_type": 9, "object_id": 4}}, {"model": "tagging.taggeditem", "pk": 12, "fields": {"tag": 9, "content_type": 9, "object_id": 4}}, {"model": "tagging.taggeditem", "pk": 13, "fields": {"tag": 10, "content_type": 9, "object_id": 5}}, {"model": "tagging.taggeditem", "pk": 14, "fields": {"tag": 11, "content_type": 9, "object_id": 5}}, {"model": "tagging.taggeditem", "pk": 15, "fields": {"tag": 12, "content_type": 9, "object_id": 6}}, {"model": "tagging.taggeditem", "pk": 16, "fields": {"tag": 13, "content_type": 9, "object_id": 6}}, {"model": "tagging.taggeditem", "pk": 17, "fields": {"tag": 14, "content_type": 9, "object_id": 7}}, {"model": "tagging.taggeditem", "pk": 18, "fields": {"tag": 15, "content_type": 9, "object_id": 7}}, {"model": "tagging.taggeditem", "pk": 19, "fields": {"tag": 16, "content_type": 9, "object_id": 7}}, {"model": "hitcount.hitcount", "pk": 1, "fields": {"hits": 1, "modified": "2017-06-16T18:31:00.622Z", "content_type": 9, "object_pk": 1}}, {"model": "hitcount.hitcount", "pk": 2, "fields": {"hits": 1, "modified": "2017-06-16T18:31:36.051Z", "content_type": 9, "object_pk": 2}}, {"model": "hitcount.hitcount", "pk": 3, "fields": {"hits": 1, "modified": "2017-06-16T18:32:05.625Z", "content_type": 9, "object_pk": 3}}, {"model": "hitcount.hitcount", "pk": 4, "fields": {"hits": 1, "modified": "2017-06-16T18:32:30.175Z", "content_type": 9, "object_pk": 4}}, {"model": "hitcount.hitcount", "pk": 5, "fields": {"hits": 1, "modified": "2017-06-16T18:33:01.212Z", "content_type": 9, "object_pk": 5}}, {"model": "hitcount.hitcount", "pk": 6, "fields": {"hits": 1, "modified": "2017-06-16T18:33:34.974Z", "content_type": 9, "object_pk": 6}}, {"model": "hitcount.hitcount", "pk": 7, "fields": {"hits": 1, "modified": "2017-06-16T18:34:10.115Z", "content_type": 9, "object_pk": 7}}, {"model": "hitcount.hitcount", "pk": 8, "fields": {"hits": 0, "modified": "2017-06-16T18:35:48.993Z", "content_type": 14, "object_pk": 6}}, {"model": "hitcount.hitcount", "pk": 9, "fields": {"hits": 2, "modified": "2017-06-16T18:36:42.670Z", "content_type": 14, "object_pk": 3}}, {"model": "hitcount.hitcount", "pk": 10, "fields": {"hits": 0, "modified": "2017-06-16T18:35:49.169Z", "content_type": 14, "object_pk": 5}}, {"model": "hitcount.hitcount", "pk": 11, "fields": {"hits": 0, "modified": "2017-06-16T18:35:49.262Z", "content_type": 14, "object_pk": 1}}, {"model": "hitcount.hitcount", "pk": 12, "fields": {"hits": 1, "modified": "2017-06-16T18:36:07.345Z", "content_type": 14, "object_pk": 2}}, {"model": "hitcount.hitcount", "pk": 13, "fields": {"hits": 0, "modified": "2017-06-16T18:35:49.429Z", "content_type": 14, "object_pk": 7}}, {"model": "hitcount.hitcount", "pk": 14, "fields": {"hits": 0, "modified": "2017-06-16T18:36:01.194Z", "content_type": 14, "object_pk": 4}}, {"model": "auth.permission", "pk": 1, "fields": {"name": "Can add log entry", "content_type": 1, "codename": "add_logentry"}}, {"model": "auth.permission", "pk": 2, "fields": {"name": "Can change log entry", "content_type": 1, "codename": "change_logentry"}}, {"model": "auth.permission", "pk": 3, "fields": {"name": "Can delete log entry", "content_type": 1, "codename": "delete_logentry"}}, {"model": "auth.permission", "pk": 4, "fields": {"name": "Can add permission", "content_type": 2, "codename": "add_permission"}}, {"model": "auth.permission", "pk": 5, "fields": {"name": "Can change permission", "content_type": 2, "codename": "change_permission"}}, {"model": "auth.permission", "pk": 6, "fields": {"name": "Can delete permission", "content_type": 2, "codename": "delete_permission"}}, {"model": "auth.permission", "pk": 7, "fields": {"name": "Can add group", "content_type": 3, "codename": "add_group"}}, {"model": "auth.permission", "pk": 8, "fields": {"name": "Can change group", "content_type": 3, "codename": "change_group"}}, {"model": "auth.permission", "pk": 9, "fields": {"name": "Can delete group", "content_type": 3, "codename": "delete_group"}}, {"model": "auth.permission", "pk": 10, "fields": {"name": "Can add user", "content_type": 4, "codename": "add_user"}}, {"model": "auth.permission", "pk": 11, "fields": {"name": "Can change user", "content_type": 4, "codename": "change_user"}}, {"model": "auth.permission", "pk": 12, "fields": {"name": "Can delete user", "content_type": 4, "codename": "delete_user"}}, {"model": "auth.permission", "pk": 13, "fields": {"name": "Can add content type", "content_type": 5, "codename": "add_contenttype"}}, {"model": "auth.permission", "pk": 14, "fields": {"name": "Can change content type", "content_type": 5, "codename": "change_contenttype"}}, {"model": "auth.permission", "pk": 15, "fields": {"name": "Can delete content type", "content_type": 5, "codename": "delete_contenttype"}}, {"model": "auth.permission", "pk": 16, "fields": {"name": "Can add session", "content_type": 6, "codename": "add_session"}}, {"model": "auth.permission", "pk": 17, "fields": {"name": "Can change session", "content_type": 6, "codename": "change_session"}}, {"model": "auth.permission", "pk": 18, "fields": {"name": "Can delete session", "content_type": 6, "codename": "delete_session"}}, {"model": "auth.permission", "pk": 19, "fields": {"name": "Can add tag", "content_type": 7, "codename": "add_tag"}}, {"model": "auth.permission", "pk": 20, "fields": {"name": "Can change tag", "content_type": 7, "codename": "change_tag"}}, {"model": "auth.permission", "pk": 21, "fields": {"name": "Can delete tag", "content_type": 7, "codename": "delete_tag"}}, {"model": "auth.permission", "pk": 22, "fields": {"name": "Can add tagged item", "content_type": 8, "codename": "add_taggeditem"}}, {"model": "auth.permission", "pk": 23, "fields": {"name": "Can change tagged item", "content_type": 8, "codename": "change_taggeditem"}}, {"model": "auth.permission", "pk": 24, "fields": {"name": "Can delete tagged item", "content_type": 8, "codename": "delete_taggeditem"}}, {"model": "auth.permission", "pk": 25, "fields": {"name": "Can add attachment", "content_type": 9, "codename": "add_attachment"}}, {"model": "auth.permission", "pk": 26, "fields": {"name": "Can change attachment", "content_type": 9, "codename": "change_attachment"}}, {"model": "auth.permission", "pk": 27, "fields": {"name": "Can delete attachment", "content_type": 9, "codename": "delete_attachment"}}, {"model": "auth.permission", "pk": 28, "fields": {"name": "Can add hit count", "content_type": 10, "codename": "add_hitcount"}}, {"model": "auth.permission", "pk": 29, "fields": {"name": "Can change hit count", "content_type": 10, "codename": "change_hitcount"}}, {"model": "auth.permission", "pk": 30, "fields": {"name": "Can delete hit count", "content_type": 10, "codename": "delete_hitcount"}}, {"model": "auth.permission", "pk": 31, "fields": {"name": "Can add hit", "content_type": 11, "codename": "add_hit"}}, {"model": "auth.permission", "pk": 32, "fields": {"name": "Can change hit", "content_type": 11, "codename": "change_hit"}}, {"model": "auth.permission", "pk": 33, "fields": {"name": "Can delete hit", "content_type": 11, "codename": "delete_hit"}}, {"model": "auth.permission", "pk": 34, "fields": {"name": "Can add Blacklisted IP", "content_type": 12, "codename": "add_blacklistip"}}, {"model": "auth.permission", "pk": 35, "fields": {"name": "Can change Blacklisted IP", "content_type": 12, "codename": "change_blacklistip"}}, {"model": "auth.permission", "pk": 36, "fields": {"name": "Can delete Blacklisted IP", "content_type": 12, "codename": "delete_blacklistip"}}, {"model": "auth.permission", "pk": 37, "fields": {"name": "Can add Blacklisted User Agent", "content_type": 13, "codename": "add_blacklistuseragent"}}, {"model": "auth.permission", "pk": 38, "fields": {"name": "Can change Blacklisted User Agent", "content_type": 13, "codename": "change_blacklistuseragent"}}, {"model": "auth.permission", "pk": 39, "fields": {"name": "Can delete Blacklisted User Agent", "content_type": 13, "codename": "delete_blacklistuseragent"}}, {"model": "auth.permission", "pk": 40, "fields": {"name": "Can add post", "content_type": 14, "codename": "add_post"}}, {"model": "auth.permission", "pk": 41, "fields": {"name": "Can change post", "content_type": 14, "codename": "change_post"}}, {"model": "auth.permission", "pk": 42, "fields": {"name": "Can delete post", "content_type": 14, "codename": "delete_post"}}, {"model": "auth.user", "pk": 1, "fields": {"password": "pbkdf2_sha256$24000$bzULpOU1RxVo$Yqq8agnEqpVrVJI9QiZuaeDdcWZQZ6DQNJgpe9vbMbA=", "last_login": "2017-06-16T17:02:47.669Z", "is_superuser": true, "username": "hd", "first_name": "", "last_name": "", "email": "", "is_staff": true, "is_active": true, "date_joined": "2017-06-16T17:02:40.950Z", "groups": [], "user_permissions": []}}, {"model": "hitcount.hit", "pk": 1, "fields": {"created": "2017-06-16T18:31:00.684Z", "ip": "127.0.0.1", "session": "9083n11oy0er125o3r15mdqali3fwzoj", "user_agent": "Mozilla/5.0 (X11; Ubuntu; Linux x86_64; rv:53.0) Gecko/20100101 Firefox/53.0", "user": 1, "hitcount": 1}}, {"model": "hitcount.hit", "pk": 2, "fields": {"created": "2017-06-16T18:31:36.242Z", "ip": "127.0.0.1", "session": "9083n11oy0er125o3r15mdqali3fwzoj", "user_agent": "Mozilla/5.0 (X11; Ubuntu; Linux x86_64; rv:53.0) Gecko/20100101 Firefox/53.0", "user": 1, "hitcount": 2}}, {"model": "hitcount.hit", "pk": 3, "fields": {"created": "2017-06-16T18:32:05.688Z", "ip": "127.0.0.1", "session": "9083n11oy0er125o3r15mdqali3fwzoj", "user_agent": "Mozilla/5.0 (X11; Ubuntu; Linux x86_64; rv:53.0) Gecko/20100101 Firefox/53.0", "user": 1, "hitcount": 3}}, {"model": "hitcount.hit", "pk": 4, "fields": {"created": "2017-06-16T18:32:30.278Z", "ip": "127.0.0.1", "session": "9083n11oy0er125o3r15mdqali3fwzoj", "user_agent": "Mozilla/5.0 (X11; Ubuntu; Linux x86_64; rv:53.0) Gecko/20100101 Firefox/53.0", "user": 1, "hitcount": 4}}, {"model": "hitcount.hit", "pk": 5, "fields": {"created": "2017-06-16T18:33:01.313Z", "ip": "127.0.0.1", "session": "9083n11oy0er125o3r15mdqali3fwzoj", "user_agent": "Mozilla/5.0 (X11; Ubuntu; Linux x86_64; rv:53.0) Gecko/20100101 Firefox/53.0", "user": 1, "hitcount": 5}}, {"model": "hitcount.hit", "pk": 6, "fields": {"created": "2017-06-16T18:33:35.060Z", "ip": "127.0.0.1", "session": "9083n11oy0er125o3r15mdqali3fwzoj", "user_agent": "Mozilla/5.0 (X11; Ubuntu; Linux x86_64; rv:53.0) Gecko/20100101 Firefox/53.0", "user": 1, "hitcount": 6}}, {"model": "hitcount.hit", "pk": 7, "fields": {"created": "2017-06-16T18:34:10.195Z", "ip": "127.0.0.1", "session": "9083n11oy0er125o3r15mdqali3fwzoj", "user_agent": "Mozilla/5.0 (X11; Ubuntu; Linux x86_64; rv:53.0) Gecko/20100101 Firefox/53.0", "user": 1, "hitcount": 7}}, {"model": "hitcount.hit", "pk": 8, "fields": {"created": "2017-06-16T18:35:55.145Z", "ip": "192.168.1.101", "session": "d1uwb1le3mui0torkbch5t9yx7jbton1", "user_agent": "Mozilla/5.0 (Linux; Android 5.0.1; GT-I9505 Build/LRX22C) AppleWebKit/537.36 (KHTML, like Gecko) Chrome/58.0.3029.83 Mobile Safari/537.36", "user": null, "hitcount": 9}}, {"model": "hitcount.hit", "pk": 9, "fields": {"created": "2017-06-16T18:36:07.435Z", "ip": "192.168.1.101", "session": "d1uwb1le3mui0torkbch5t9yx7jbton1", "user_agent": "Mozilla/5.0 (Linux; Android 5.0.1; GT-I9505 Build/LRX22C) AppleWebKit/537.36 (KHTML, like Gecko) Chrome/58.0.3029.83 Mobile Safari/537.36", "user": null, "hitcount": 12}}, {"model": "hitcount.hit", "pk": 10, "fields": {"created": "2017-06-16T18:36:42.759Z", "ip": "127.0.0.1", "session": "9083n11oy0er125o3r15mdqali3fwzoj", "user_agent": "Mozilla/5.0 (X11; Ubuntu; Linux x86_64; rv:53.0) Gecko/20100101 Firefox/53.0", "user": 1, "hitcount": 9}}, {"model": "posts.post", "pk": 1, "fields": {"author": 1, "title": "Post1", "content": "<p><br></p><p><strong>Lorem Ipsum</strong> is simply dummy text of the \r\nprinting and typesetting industry. Lorem Ipsum has been the industry's \r\nstandard dummy text ever since the 1500s, when an unknown printer took a\r\n galley of type and scrambled it to make a type specimen book. It has \r\nsurvived not only five centuries, but also the leap into electronic \r\ntypesetting, remaining essentially unchanged. It was popularised in the \r\n1960s with the release of Letraset sheets containing Lorem Ipsum \r\npassages, and more recently with desktop publishing software like Aldus \r\nPageMaker including versions of Lorem Ipsum.</p><p>\r\n<br></p><div>\r\n<h2>Why do we use it?</h2>\r\n<p>It is a long established fact that a reader will be distracted by the\r\n readable content of a page when looking at its layout. The point of \r\nusing Lorem Ipsum is that it has a more-or-less normal distribution of \r\nletters, as opposed to using 'Content here, content here', making it \r\nlook like readable English. Many desktop publishing packages and web \r\npage editors now use Lorem Ipsum as their default model text, and a \r\nsearch for 'lorem ipsum' will uncover many web sites still in their \r\ninfancy. Various versions have evolved over the years, sometimes by \r\naccident, sometimes on purpose (injected humour and the like).</p>\r\n</div><p><br></p>", "image": "Post1/18337484_1007738049363268_1393056873_n.jpg", "slug": "post1", "draft": false, "publish": "2017-06-16", "updated": "2017-06-16", "timestamp": "2017-06-16", "tags": "d,x,a,z"}}, {"model": "posts.post", "pk": 2, "fields": {"author": 1, "title": "Topic2", "content": "<p><br></p><p><strong>Lorem Ipsum</strong> is simply dummy text of the \r\nprinting and typesetting industry. Lorem Ipsum has been the industry's \r\nstandard dummy text ever since the 1500s, when an unknown printer took a\r\n galley of type and scrambled it to make a type specimen book. It has \r\nsurvived not only five centuries, but also the leap into electronic \r\ntypesetting, remaining essentially unchanged. It was popularised in the \r\n1960s with the release of Letraset sheets containing Lorem Ipsum \r\npassages, and more recently with desktop publishing software like Aldus \r\nPageMaker including versions of Lorem Ipsum.</p>&nbsp;it?<div>\r\n<p>It is a long established fact that a reader will be distracted by the\r\n readable content of a page when looking at its layout. The point of \r\nusing Lorem Ipsum is that it has a more-or-less normal distribution of \r\nletters, as opposed to using 'Content here, content here', making it \r\nlook like readable English. Many desktop publishing packages and web \r\npage editors now use Lorem Ipsum as their default model text, and a \r\nsearch for 'lorem ipsum' will uncover many web sites still in their \r\ninfancy. Various versions have evolved over the years, sometimes by \r\naccident, sometimes on purpose (injected humour and the like).</p>\r\n</div><p><br></p>", "image": "Topic2/18362586_1008737622596644_1018622866_o.jpg", "slug": "topic2", "draft": false, "publish": "2017-06-16", "updated": "2017-06-16", "timestamp": "2017-06-16", "tags": "z,x,a,l"}}, {"model": "posts.post", "pk": 3, "fields": {"author": 1, "title": "Topic3", "content": "<p><br></p><p><strong>Lorem Ipsum</strong> is simply dummy text of the \r\nprinting and typesetting industry. Lorem Ipsum has been the industry's \r\nstandard dummy text ever since the 1500s, when an unknown printer took a\r\n galley of type and scrambled it to make a type specimen book. It has \r\nsurvived not only five centuries, but also the leap into electronic \r\ntypesetting, remaining essentially unchanged. It was popularised in the \r\n1960s with the release of Letraset sheets containing Lorem Ipsum \r\npassages, and more recently with desktop publishing software like Aldus \r\nPageMaker including versions of Lorem Ipsum.</p><p>\r\n<br></p><div>\r\n<h2>Why do we use it?</h2>\r\n<p>It is a long established fact that a reader will be distracted by the\r\n readable content of a page when looking at its layout. The point of \r\nusing Lorem Ipsum is that it has a more-or-less normal distribution of \r\nletters, as opposed to using 'Content here, content here', making it \r\nlook like readable English. Many desktop publishing packages and web \r\npage editors now use Lorem Ipsum as their default model text, and a \r\nsearch for 'lorem ipsum' will uncover many web sites still in their \r\ninfancy. Various versions have evolved over the years, sometimes by \r\naccident, sometimes on purpose (injected humour and the like).</p>\r\n</div><p><br></p>", "image": "Topic3/18643913_1017051315098608_836959817_n.jpg", "slug": "topic3", "draft": false, "publish": "2017-06-16", "updated": "2017-06-16", "timestamp": "2017-06-16", "tags": "cake,choclate"}}, {"model": "posts.post", "pk": 4, "fields": {"author": 1, "title": "Topic4", "content": "<p><br></p><p><strong>Lorem Ipsum</strong> is simply dummy text of the \r\nprinting and typesetting industry. Lorem Ipsum has been the industry's \r\nstandard dummy text ever since the 1500s, when an unknown printer took a\r\n galley of type and scrambled it to make a type specimen book. It has \r\nsurvived not only five centuries, but also the leap into electronic \r\ntypesetting, remaining essentially unchanged. It was popularised in the \r\n1960s with the release of Letraset sheets containing Lorem Ipsum \r\npassages, and more recently with desktop publishing software like Aldus \r\nPageMaker including versions of Lorem Ipsum.</p><p>\r\n<br></p><div>\r\n<h2>Why do we use it?</h2>\r\n<p>It is a long established fact that a reader will be distracted by the\r\n readable content of a page when looking at its layout. The point of \r\nusing Lorem Ipsum is that it has a more-or-less normal distribution of \r\nletters, as opposed to using 'Content here, content here', making it \r\nlook like readable English. Many desktop publishing packages and web \r\npage editors now use Lorem Ipsum as their default model text, and a \r\nsearch for 'lorem ipsum' will uncover many web sites still in their \r\ninfancy. Various versions have evolved over the years, sometimes by \r\naccident, sometimes on purpose (injected humour and the like).</p>\r\n</div><p><br></p>", "image": "Topic4/18516031_1014664405337299_1467519134_n.jpg", "slug": "topic4", "draft": false, "publish": "2017-06-16", "updated": "2017-06-16", "timestamp": "2017-06-16", "tags": "bulgur,tomato"}}, {"model": "posts.post", "pk": 5, "fields": {"author": 1, "title": "Topic5", "content": "<p>Oyl</p><p><strong>Lorem Ipsum</strong> is simply dummy text of the \r\nprinting and typesetting industry. Lorem Ipsum has been the industry's \r\nstandard dummy text ever since the 1500s, when an unknown printer took a\r\n galley of type and scrambled it to make a type specimen book. It has \r\nsurvived not only five centuries, but also the leap into electronic \r\ntypesetting, remaining essentially unchanged. It was popularised in the \r\n1960s with the release of Letraset sheets containing Lorem Ipsum \r\npassages, and more recently with desktop publishing software like Aldus \r\nPageMaker including versions of Lorem Ipsum.</p><p>\r\n</p><div>\r\n<h2>Why do we use it?</h2>\r\n<p>It is a long established fact that a reader will be distracted by the\r\n readable content of a page when looking at its layout. The point of \r\nusing Lorem Ipsum is that it has a more-or-less normal distribution of \r\nletters, as opposed to using 'Content here, content here', making it \r\nlook like readable English. Many desktop publishing packages and web \r\npage editors now use Lorem Ipsum as their default model text, and a \r\nsearch for 'lorem ipsum' will uncover many web sites still in their \r\ninfancy. Various versions have evolved over the years, sometimes by \r\naccident, sometimes on purpose (injected humour and the like).</p>\r\n</div><p><br></p>", "image": "Topic5/18516222_1014152248721848_569905466_n.jpg", "slug": "topic5", "draft": false, "publish": "2017-06-16", "updated": "2017-06-16", "timestamp": "2017-06-16", "tags": "yogurt,shishbarak"}}, {"model": "posts.post", "pk": 6, "fields": {"author": 1, "title": "Topic6", "content": "<p><br></p><p><strong>Lorem Ipsum</strong> is simply dummy text of the \r\nprinting and typesetting industry. Lorem Ipsum has been the industry's \r\nstandard dummy text ever since the 1500s, when an unknown printer took a\r\n galley of type and scrambled it to make a type specimen book. It has \r\nsurvived not only five centuries, but also the leap into electronic \r\ntypesetting, remaining essentially unchanged. It was popularised in the \r\n1960s with the release of Letraset sheets containing Lorem Ipsum \r\npassages, and more recently with desktop publishing software like Aldus \r\nPageMaker including versions of Lorem Ipsum.</p><p>\r\n<br></p><div>\r\n<h2>Why do we use it?</h2>\r\n<p>It is a long established fact that a reader will be distracted by the\r\n readable content of a page when looking at its layout. The point of \r\nusing Lorem Ipsum is that it has a more-or-less normal distribution of \r\nletters, as opposed to using 'Content here, content here', making it \r\nlook like readable English. Many desktop publishing packages and web \r\npage editors now use Lorem Ipsum as their default model text, and a \r\nsearch for 'lorem ipsum' will uncover many web sites still in their \r\ninfancy. Various versions have evolved over the years, sometimes by \r\naccident, sometimes on purpose (injected humour and the like).</p>\r\n</div><p><br></p>", "image": "Topic6/11.jpg", "slug": "topic6", "draft": false, "publish": "2017-06-16", "updated": "2017-06-16", "timestamp": "2017-06-16", "tags": "tajine,morocco"}}, {"model": "posts.post", "pk": 7, "fields": {"author": 1, "title": "Topic7", "content": "<p><br></p><p><strong>Lorem Ipsum</strong> is simply dummy text of the \r\nprinting and typesetting industry. Lorem Ipsum has been the industry's \r\nstandard dummy text ever since the 1500s, when an unknown printer took a\r\n galley of type and scrambled it to make a type specimen book. It has \r\nsurvived not only five centuries, but also the leap into electronic \r\ntypesetting, remaining essentially unchanged. It was popularised in the \r\n1960s with the release of Letraset sheets containing Lorem Ipsum \r\npassages, and more recently with desktop publishing software like Aldus \r\nPageMaker including versions of Lorem Ipsum.</p><p>\r\n<br></p><div>\r\n<h2>Why do we use it?</h2>\r\n<p>It is a long established fact that a reader will be distracted by the\r\n readable content of a page when looking at its layout. The point of \r\nusing Lorem Ipsum is that it has a more-or-less normal distribution of \r\nletters, as opposed to using 'Content here, content here', making it \r\nlook like readable English. Many desktop publishing packages and web \r\npage editors now use Lorem Ipsum as their default model text, and a \r\nsearch for 'lorem ipsum' will uncover many web sites still in their \r\ninfancy. Various versions have evolved over the years, sometimes by \r\naccident, sometimes on purpose (injected humour and the like).</p>\r\n</div><p><br></p>", "image": "Topic7/18624725_1017068741763532_1803468421_n.jpg", "slug": "topic7", "draft": false, "publish": "2017-06-16", "updated": "2017-06-16", "timestamp": "2017-06-16", "tags": "dolma,mehshi,syrian"}}]